{
  "specVersion": "1.0",
  "supervisorSpec": {
    "supervisorName": "supervisor"
  },
  "envSpec": {
    "vcenterDetails": {
      "vcenterAddress": "10.163.44.30",
      "vcenterDatacenter": "Datacenter",
      "vSphereZones": [
        "zone1"
      ]
    }
  },
  "tkgsComponentSpec": {
    "foundationLoadBalancerComponents": {
      "flbName": "flb",
      "flbSize": "MEDIUM",
      "flbAvailability": "ACTIVE_PASSIVE",
      "flbVipRanges": [
        "10.163.44.32 - 10.163.44.47"
      ],
      "flbDnsServers": [
        "10.160.201.1",
        "10.160.201.2"
      ],
      "flbNtpServers": [
        "ntp.broadcom.net"
      ],
      "flbManagementNetwork": {
        "flbNetworkIpAssignmentMode": "STATICRANGE",
        "flbNetworkName": "dvportgroup-70",
        "flbNetworkPortgroupId": "dvportgroup-70",
        "flbNetworkIpAddressRanges": "10.160.201.125 - 10.160.201.126",
        "flbNetworkGateway": "10.160.200.1",
        "flbNetworkSubnet": "255.255.248.0"
      },
      "flbVirtualServerNetwork": {
        "flbNetworkIpAssignmentMode": "STATICRANGE",
        "flbNetworkName": "static-2367",
        "flbNetworkPortgroupId": "dvportgroup-30",
        "flbNetworkIpAddressRanges": "10.163.44.48 - 10.163.44.60",
        "flbNetworkGateway": "10.163.44.1",
        "flbNetworkSubnet": "255.255.252.0"
      }
    },
    "tkgsMgmtNetworkSpec": {
      "tkgsMgmtIpAssignmentMode": "STATICRANGE",
      "tkgsMgmtNetworkName": "mgmt-2369",
      "tkgsMgmtNetworkGatewayCidr": "10.160.200.1/21",
      "tkgsMgmtNetworkStartingIp": "10.160.201.120 - 10.160.201.124",
      "tkgsMgmtNetworkDnsServers": [
        "10.160.201.1",
        "10.160.201.2"
      ],
      "tkgsMgmtNetworkSearchDomains": [
        "content.tmm.broadcom.lab",
        "vks01.content.tmm.broadcom.lab"
      ],
      "tkgsMgmtNetworkNtpServers": [
        "ntp.broadcom.net"
      ]
    },
    "tkgsStoragePolicySpec": {
      "masterStoragePolicy": "vSAN ESA Default Policy - RAID5",
      "ephemeralStoragePolicy": "vSAN ESA Default Policy - RAID5",
      "imageStoragePolicy": "vSAN ESA Default Policy - RAID5"
    },
    "tkgsPrimaryWorkloadNetwork": {
      "tkgsPrimaryWorkloadIpAssignmentMode": "DHCP",
      "tkgsPrimaryWorkloadPortgroupName": "dhcp-2368",
      "tkgsPrimaryWorkloadNetworkName": "dhcp-2368",
      "tkgsWorkloadDnsServers": [
        "10.160.201.1",
        "10.160.201.2"
      ],
      "tkgsWorkloadNtpServers": [
        "ntp.broadcom.net"
      ],
      "tkgsWorkloadServiceCidr": "10.96.0.0/22"
    },
    "controlPlaneSize": "MEDIUM",
    "defaultServiceContentLibrary": "Kubernetes Service Content Library",
    "cpvmCount": 3
  }
}